file,{C3H4-D2CP80AI-5718DSCO},01/06/2010 10:56:17,ACM2278,PC-8431,C:\ACM2278\5Y621TSI.doc,File Open,False,False,"D0-CF-11-E0-A1-B1-1A-E1 In absence of Klein, David Kahne became the interim head of Reprise. During the two hundred-date tour supporting A.M., Tweedy began to write songs for a second album."
file,{D9Y8-H2BG54QV-7508YIPY},01/06/2010 11:47:12,ACM2278,PC-8431,C:\ACM2278\5Y621TSI.doc,File Open,False,False,"D0-CF-11-E0-A1-B1-1A-E1 In absence of Klein, David Kahne became the interim head of Reprise. During the two hundred-date tour supporting A.M., Tweedy began to write songs for a second album."
file,{I9X5-X0MJ95RH-8339OOFL},01/07/2010 16:08:06,ACM2278,PC-8431,C:\526nhn8\88YW0ABY.doc,File Open,False,False,"D0-CF-11-E0-A1-B1-1A-E1 DC had trouble selling ad space in issues of Watchmen, which left an extra eight to nine pages per issue. Assembled under the supervision of Dave Gibbons, Absolute Watchmen included the Graphitti materials, as well as restored and recolored art by John Higgins. The presence of water in vinegar has such a profound effect on acetic acid's properties that for centuries chemists believed that glacial acetic acid and the acid found in vinegar were two different substances. Other substitution derivatives include acetic anhydride; this anhydride is produced by loss of water from two molecules of acetic acid."
file,{W4B8-G3SR96BM-5990WOIJ},01/13/2010 10:32:30,ACM2278,PC-8431,C:\526nhn8\88YW0ABY.doc,File Open,False,False,"D0-CF-11-E0-A1-B1-1A-E1 DC had trouble selling ad space in issues of Watchmen, which left an extra eight to nine pages per issue. Assembled under the supervision of Dave Gibbons, Absolute Watchmen included the Graphitti materials, as well as restored and recolored art by John Higgins. The presence of water in vinegar has such a profound effect on acetic acid's properties that for centuries chemists believed that glacial acetic acid and the acid found in vinegar were two different substances. Other substitution derivatives include acetic anhydride; this anhydride is produced by loss of water from two molecules of acetic acid."
file,{H7J6-J2UJ08EE-9348JURC},01/20/2010 12:49:09,ACM2278,PC-8431,C:\55X1537\RQYMRD38.pdf,File Open,False,False,"25-50-44-46-2D Smaller zones include the Garibaldi Lake volcanic field surrounding Garibaldi Lake and the Bridge River Cones on the northern flank of the upper Bridge River. The dacite volcanics composing Mount Fee contain brown volcanic glass as much as 70% and vesicular textures as much as 15%. The central portion contains at least five volcanoes situated at the Powder Mountain Icefield. However, its severe terrain makes it challenging to develop a proposed 100 megawatt power station in the area."
file,{A8P5-G7YY60TW-2033OJQN},01/20/2010 13:20:47,ACM2278,PC-8431,C:\55X1537\RQYMRD38.pdf,File Open,False,False,"25-50-44-46-2D Smaller zones include the Garibaldi Lake volcanic field surrounding Garibaldi Lake and the Bridge River Cones on the northern flank of the upper Bridge River. The dacite volcanics composing Mount Fee contain brown volcanic glass as much as 70% and vesicular textures as much as 15%. The central portion contains at least five volcanoes situated at the Powder Mountain Icefield. However, its severe terrain makes it challenging to develop a proposed 100 megawatt power station in the area."
file,{C0B8-L6KF95DB-3131PKII},01/21/2010 11:04:54,ACM2278,PC-8431,C:\526nhn8\88YW0ABY.doc,File Open,False,False,"D0-CF-11-E0-A1-B1-1A-E1 DC had trouble selling ad space in issues of Watchmen, which left an extra eight to nine pages per issue. Assembled under the supervision of Dave Gibbons, Absolute Watchmen included the Graphitti materials, as well as restored and recolored art by John Higgins. The presence of water in vinegar has such a profound effect on acetic acid's properties that for centuries chemists believed that glacial acetic acid and the acid found in vinegar were two different substances. Other substitution derivatives include acetic anhydride; this anhydride is produced by loss of water from two molecules of acetic acid."
file,{M8U6-G3DQ48KW-7454RUUV},01/21/2010 13:25:30,ACM2278,PC-8431,C:\526nhn8\88YW0ABY.doc,File Open,False,False,"D0-CF-11-E0-A1-B1-1A-E1 DC had trouble selling ad space in issues of Watchmen, which left an extra eight to nine pages per issue. Assembled under the supervision of Dave Gibbons, Absolute Watchmen included the Graphitti materials, as well as restored and recolored art by John Higgins. The presence of water in vinegar has such a profound effect on acetic acid's properties that for centuries chemists believed that glacial acetic acid and the acid found in vinegar were two different substances. Other substitution derivatives include acetic anhydride; this anhydride is produced by loss of water from two molecules of acetic acid."
file,{J9X5-W5RK07NU-8038TXOG},01/25/2010 07:28:55,ACM2278,PC-8431,C:\526nhn8\88YW0ABY.doc,File Open,False,False,"D0-CF-11-E0-A1-B1-1A-E1 DC had trouble selling ad space in issues of Watchmen, which left an extra eight to nine pages per issue. Assembled under the supervision of Dave Gibbons, Absolute Watchmen included the Graphitti materials, as well as restored and recolored art by John Higgins. The presence of water in vinegar has such a profound effect on acetic acid's properties that for centuries chemists believed that glacial acetic acid and the acid found in vinegar were two different substances. Other substitution derivatives include acetic anhydride; this anhydride is produced by loss of water from two molecules of acetic acid."
file,{C4R9-C5BS56HG-2669VDVC},01/25/2010 07:37:58,ACM2278,PC-8431,C:\88dn4W2\VERSPUY6.doc,File Open,False,False,"D0-CF-11-E0-A1-B1-1A-E1 However, ingestion of stronger solutions is dangerous to human and animal life. The 16th-century German alchemist Andreas Libavius described such a procedure, and he compared the glacial acetic acid produced by this means to vinegar. Its solvent properties are mainly of value in the production of dimethyl terephthalate. At that time, Germany was producing 10,000 tons of glacial acetic acid, around 30% of which was used for the manufacture of indigo dye."
file,{I5P6-T1UZ64QX-8636XAXH},01/25/2010 07:37:58,ACM2278,PC-8431,C:\ACM2278\5Y621TSI.doc,File Open,False,False,"D0-CF-11-E0-A1-B1-1A-E1 In absence of Klein, David Kahne became the interim head of Reprise. During the two hundred-date tour supporting A.M., Tweedy began to write songs for a second album."
file,{A6C5-Y5XU39TT-3906VYME},01/29/2010 12:34:49,ACM2278,PC-8431,C:\526nhn8\88YW0ABY.doc,File Open,False,False,"D0-CF-11-E0-A1-B1-1A-E1 DC had trouble selling ad space in issues of Watchmen, which left an extra eight to nine pages per issue. Assembled under the supervision of Dave Gibbons, Absolute Watchmen included the Graphitti materials, as well as restored and recolored art by John Higgins. The presence of water in vinegar has such a profound effect on acetic acid's properties that for centuries chemists believed that glacial acetic acid and the acid found in vinegar were two different substances. Other substitution derivatives include acetic anhydride; this anhydride is produced by loss of water from two molecules of acetic acid."
file,{N0H9-I2TG46NP-2489WNYF},02/01/2010 16:37:57,ACM2278,PC-8431,C:\526nhn8\VGU196NP.doc,File Open,False,False,"D0-CF-11-E0-A1-B1-1A-E1 Expecting them to say they were with the caravan, the Muslims were horrified to hear them say they were with the main Quraishi army. The death of the last of the Badr veterans occurred during the First Islamic civil war. Vesicular textures are up to 5%, suggesting that the lava erupted subaerially. As a result, volcano monitoring is less important than dealing with other natural processes, including tsunamis, earthquakes and landslides."
file,{S5P1-C1HJ31TO-4761MCAW},02/03/2010 12:41:37,ACM2278,PC-8431,C:\55X1537\NK1LT857.txt,File Open,False,False,"41-5A-58-31 Manning, feeling stifled in Portsmouth, had already made efforts to move to the capital, but her meeting with Miles made her more determined. In contrast, Manning was reticent and uncomfortable in social settings, and remained in the background. The couple's time in Bucharest coincided with the rise of fascist and totalitarian power within ostensibly neutral Romania, while war threatened from without, driving thousands of refugees within its borders. A portion of the southwestern flank of Mount Fee comprises no volcanic glass, but rather composed of an abnormal cryptocrystalline matrix. Microxenocrysts of orthoclase likely exist in andesite at Ring Mountain."
file,{Q6O9-I1HW64TN-6198ZSJJ},02/04/2010 15:02:31,ACM2278,PC-8431,C:\526nhn8\88YW0ABY.doc,File Open,False,False,"D0-CF-11-E0-A1-B1-1A-E1 DC had trouble selling ad space in issues of Watchmen, which left an extra eight to nine pages per issue. Assembled under the supervision of Dave Gibbons, Absolute Watchmen included the Graphitti materials, as well as restored and recolored art by John Higgins. The presence of water in vinegar has such a profound effect on acetic acid's properties that for centuries chemists believed that glacial acetic acid and the acid found in vinegar were two different substances. Other substitution derivatives include acetic anhydride; this anhydride is produced by loss of water from two molecules of acetic acid."
file,{K4Q8-J3HH97JB-2074CFXL},02/05/2010 14:02:54,ACM2278,PC-8431,C:\55X1537\7S05TCTL.doc,File Open,False,False,"D0-CF-11-E0-A1-B1-1A-E1 As a result, when Muhammad marched into Mecca six years later, it was Abu Sufyan who helped negotiate its peaceful surrender. Muslim losses are commonly listed at fourteen killed, about 4% of their engaged forces."
file,{D3K2-E8RZ69DG-2370VYNP},02/05/2010 14:04:56,ACM2278,PC-8431,C:\88dn4W2\HCSPWBEK.pdf,File Open,False,False,"25-50-44-46-2D After they descended from 'Aqanqal, the Meccans set up another camp inside the valley. At Badr, the Muslim forces had allegedly maintained firm discipline, whereas at Uhud they broke ranks to pursue the Meccans, allowing Meccan cavalry to flank and rout their army. At this stage in the war, the Germans were advancing apparently unstoppably across the desert towards Egypt, and Cairo was rife with rumours and alarms. Harriet Pringle, for example, moves through processes of self-discovery and empowerment as an individual rather than in feminist solidarity with her sex."
file,{M3P8-S3OH79AF-2600PETM},02/05/2010 14:04:56,ACM2278,PC-8431,C:\55X1537\7S05TCTL.doc,File Open,False,False,"D0-CF-11-E0-A1-B1-1A-E1 As a result, when Muhammad marched into Mecca six years later, it was Abu Sufyan who helped negotiate its peaceful surrender. Muslim losses are commonly listed at fourteen killed, about 4% of their engaged forces."
file,{C4V8-K0UR97UK-3512FHPC},02/09/2010 11:01:31,ACM2278,PC-8431,C:\55X1537\RQYMRD38.pdf,File Open,False,False,"25-50-44-46-2D Smaller zones include the Garibaldi Lake volcanic field surrounding Garibaldi Lake and the Bridge River Cones on the northern flank of the upper Bridge River. The dacite volcanics composing Mount Fee contain brown volcanic glass as much as 70% and vesicular textures as much as 15%. The central portion contains at least five volcanoes situated at the Powder Mountain Icefield. However, its severe terrain makes it challenging to develop a proposed 100 megawatt power station in the area."
file,{W8Q0-C3EU40LZ-6024HCCK},02/09/2010 11:01:31,ACM2278,PC-8431,C:\55X1537\NK1LT857.txt,File Open,False,False,"41-5A-58-31 Manning, feeling stifled in Portsmouth, had already made efforts to move to the capital, but her meeting with Miles made her more determined. In contrast, Manning was reticent and uncomfortable in social settings, and remained in the background. The couple's time in Bucharest coincided with the rise of fascist and totalitarian power within ostensibly neutral Romania, while war threatened from without, driving thousands of refugees within its borders. A portion of the southwestern flank of Mount Fee comprises no volcanic glass, but rather composed of an abnormal cryptocrystalline matrix. Microxenocrysts of orthoclase likely exist in andesite at Ring Mountain."
file,{Y3O7-Y6AJ58WC-3395XCYM},02/09/2010 11:16:45,ACM2278,PC-8431,C:\526nhn8\VGU196NP.doc,File Open,False,False,"D0-CF-11-E0-A1-B1-1A-E1 Expecting them to say they were with the caravan, the Muslims were horrified to hear them say they were with the main Quraishi army. The death of the last of the Badr veterans occurred during the First Islamic civil war. Vesicular textures are up to 5%, suggesting that the lava erupted subaerially. As a result, volcano monitoring is less important than dealing with other natural processes, including tsunamis, earthquakes and landslides."
file,{M2D4-J3UR94DY-7606MMZL},02/15/2010 14:54:19,ACM2278,PC-8431,C:\526nhn8\88YW0ABY.doc,File Open,False,False,"D0-CF-11-E0-A1-B1-1A-E1 DC had trouble selling ad space in issues of Watchmen, which left an extra eight to nine pages per issue. Assembled under the supervision of Dave Gibbons, Absolute Watchmen included the Graphitti materials, as well as restored and recolored art by John Higgins. The presence of water in vinegar has such a profound effect on acetic acid's properties that for centuries chemists believed that glacial acetic acid and the acid found in vinegar were two different substances. Other substitution derivatives include acetic anhydride; this anhydride is produced by loss of water from two molecules of acetic acid."
file,{G3Q6-S4BB55MV-6199WWLE},02/15/2010 14:57:33,ACM2278,PC-8431,C:\526nhn8\88YW0ABY.doc,File Open,False,False,"D0-CF-11-E0-A1-B1-1A-E1 DC had trouble selling ad space in issues of Watchmen, which left an extra eight to nine pages per issue. Assembled under the supervision of Dave Gibbons, Absolute Watchmen included the Graphitti materials, as well as restored and recolored art by John Higgins. The presence of water in vinegar has such a profound effect on acetic acid's properties that for centuries chemists believed that glacial acetic acid and the acid found in vinegar were two different substances. Other substitution derivatives include acetic anhydride; this anhydride is produced by loss of water from two molecules of acetic acid."
file,{E8J0-R5VY46JU-0059CFBZ},02/17/2010 09:42:48,ACM2278,PC-8431,C:\526nhn8\88YW0ABY.doc,File Open,False,False,"D0-CF-11-E0-A1-B1-1A-E1 DC had trouble selling ad space in issues of Watchmen, which left an extra eight to nine pages per issue. Assembled under the supervision of Dave Gibbons, Absolute Watchmen included the Graphitti materials, as well as restored and recolored art by John Higgins. The presence of water in vinegar has such a profound effect on acetic acid's properties that for centuries chemists believed that glacial acetic acid and the acid found in vinegar were two different substances. Other substitution derivatives include acetic anhydride; this anhydride is produced by loss of water from two molecules of acetic acid."
file,{S8H7-C4PR18TM-4107QPVY},02/19/2010 14:32:27,ACM2278,PC-8431,C:\88dn4W2\HCSPWBEK.pdf,File Open,False,False,"25-50-44-46-2D After they descended from 'Aqanqal, the Meccans set up another camp inside the valley. At Badr, the Muslim forces had allegedly maintained firm discipline, whereas at Uhud they broke ranks to pursue the Meccans, allowing Meccan cavalry to flank and rout their army. At this stage in the war, the Germans were advancing apparently unstoppably across the desert towards Egypt, and Cairo was rife with rumours and alarms. Harriet Pringle, for example, moves through processes of self-discovery and empowerment as an individual rather than in feminist solidarity with her sex."
file,{T1E1-J1QH36ZK-0150MRXS},02/22/2010 16:43:29,ACM2278,PC-8431,C:\88dn4W2\HCSPWBEK.pdf,File Open,False,False,"25-50-44-46-2D After they descended from 'Aqanqal, the Meccans set up another camp inside the valley. At Badr, the Muslim forces had allegedly maintained firm discipline, whereas at Uhud they broke ranks to pursue the Meccans, allowing Meccan cavalry to flank and rout their army. At this stage in the war, the Germans were advancing apparently unstoppably across the desert towards Egypt, and Cairo was rife with rumours and alarms. Harriet Pringle, for example, moves through processes of self-discovery and empowerment as an individual rather than in feminist solidarity with her sex."
file,{W4I0-W8AY16LO-8939BVGW},02/24/2010 17:19:30,ACM2278,PC-8431,C:\88dn4W2\HCSPWBEK.pdf,File Open,False,False,"25-50-44-46-2D After they descended from 'Aqanqal, the Meccans set up another camp inside the valley. At Badr, the Muslim forces had allegedly maintained firm discipline, whereas at Uhud they broke ranks to pursue the Meccans, allowing Meccan cavalry to flank and rout their army. At this stage in the war, the Germans were advancing apparently unstoppably across the desert towards Egypt, and Cairo was rife with rumours and alarms. Harriet Pringle, for example, moves through processes of self-discovery and empowerment as an individual rather than in feminist solidarity with her sex."
file,{V7Z4-D5AK71BU-5853ROMO},03/01/2010 07:44:21,ACM2278,PC-8431,C:\ACM2278\BF2GU4CA.doc,File Open,False,False,"D0-CF-11-E0-A1-B1-1A-E1 Statistics showing the composition of juvenile inmates shortly before their liberation reveal the following major child/prisoner sub-groups: 5,809 foreign civilian labourers, 5,055 political prisoners, 3,654 Jews, and 330 Russian POWs. At the end of the war the list included 101 camps (including 49 major sub-camps) which covered most of modern Austria, from Mittersill south of Salzburg to Schwechat east of Vienna and from Passau on the pre-war Austro-German border to the Loibl Pass on the border with Yugoslavia. The payload integration program was responsible for determining how the various demands of these customers could be satisfied, and how mixed payloads could best be physically accommodated within the cargo bay of the shuttle. ""Maybe,"" said Lunney over thirty years later, ""we had gotten a little overconfident""."
file,{V6H1-T2MX80OD-6648CCBI},03/04/2010 14:37:06,ACM2278,PC-8431,C:\526nhn8\88YW0ABY.doc,File Open,False,False,"D0-CF-11-E0-A1-B1-1A-E1 DC had trouble selling ad space in issues of Watchmen, which left an extra eight to nine pages per issue. Assembled under the supervision of Dave Gibbons, Absolute Watchmen included the Graphitti materials, as well as restored and recolored art by John Higgins. The presence of water in vinegar has such a profound effect on acetic acid's properties that for centuries chemists believed that glacial acetic acid and the acid found in vinegar were two different substances. Other substitution derivatives include acetic anhydride; this anhydride is produced by loss of water from two molecules of acetic acid."
file,{I5X1-T6LK84PR-4616BPVT},03/08/2010 07:41:16,ACM2278,PC-8431,C:\ACM2278\BF2GU4CA.doc,File Open,False,False,"D0-CF-11-E0-A1-B1-1A-E1 Statistics showing the composition of juvenile inmates shortly before their liberation reveal the following major child/prisoner sub-groups: 5,809 foreign civilian labourers, 5,055 political prisoners, 3,654 Jews, and 330 Russian POWs. At the end of the war the list included 101 camps (including 49 major sub-camps) which covered most of modern Austria, from Mittersill south of Salzburg to Schwechat east of Vienna and from Passau on the pre-war Austro-German border to the Loibl Pass on the border with Yugoslavia. The payload integration program was responsible for determining how the various demands of these customers could be satisfied, and how mixed payloads could best be physically accommodated within the cargo bay of the shuttle. ""Maybe,"" said Lunney over thirty years later, ""we had gotten a little overconfident""."
file,{P8P4-T3NM91UH-8395LBZG},03/09/2010 14:29:24,ACM2278,PC-8431,C:\55X1537\7S05TCTL.doc,File Open,False,False,"D0-CF-11-E0-A1-B1-1A-E1 As a result, when Muhammad marched into Mecca six years later, it was Abu Sufyan who helped negotiate its peaceful surrender. Muslim losses are commonly listed at fourteen killed, about 4% of their engaged forces."
file,{G1H1-C4QA20GE-5107ECEM},03/22/2010 16:59:42,ACM2278,PC-8431,C:\526nhn8\88YW0ABY.doc,File Open,False,False,"D0-CF-11-E0-A1-B1-1A-E1 DC had trouble selling ad space in issues of Watchmen, which left an extra eight to nine pages per issue. Assembled under the supervision of Dave Gibbons, Absolute Watchmen included the Graphitti materials, as well as restored and recolored art by John Higgins. The presence of water in vinegar has such a profound effect on acetic acid's properties that for centuries chemists believed that glacial acetic acid and the acid found in vinegar were two different substances. Other substitution derivatives include acetic anhydride; this anhydride is produced by loss of water from two molecules of acetic acid."
file,{Z6Y5-Z3MH43QH-4904PVNI},03/29/2010 17:18:44,ACM2278,PC-8431,C:\ACM2278\BF2GU4CA.doc,File Open,False,False,"D0-CF-11-E0-A1-B1-1A-E1 Statistics showing the composition of juvenile inmates shortly before their liberation reveal the following major child/prisoner sub-groups: 5,809 foreign civilian labourers, 5,055 political prisoners, 3,654 Jews, and 330 Russian POWs. At the end of the war the list included 101 camps (including 49 major sub-camps) which covered most of modern Austria, from Mittersill south of Salzburg to Schwechat east of Vienna and from Passau on the pre-war Austro-German border to the Loibl Pass on the border with Yugoslavia. The payload integration program was responsible for determining how the various demands of these customers could be satisfied, and how mixed payloads could best be physically accommodated within the cargo bay of the shuttle. ""Maybe,"" said Lunney over thirty years later, ""we had gotten a little overconfident""."
file,{Y7I2-D6NH29YT-8221EMHK},03/30/2010 11:04:43,ACM2278,PC-8431,C:\526nhn8\VGU196NP.doc,File Open,False,False,"D0-CF-11-E0-A1-B1-1A-E1 Expecting them to say they were with the caravan, the Muslims were horrified to hear them say they were with the main Quraishi army. The death of the last of the Badr veterans occurred during the First Islamic civil war. Vesicular textures are up to 5%, suggesting that the lava erupted subaerially. As a result, volcano monitoring is less important than dealing with other natural processes, including tsunamis, earthquakes and landslides."
file,{T5F7-O7II56AN-7505TSPV},03/30/2010 11:15:05,ACM2278,PC-8431,C:\55X1537\RQYMRD38.pdf,File Open,False,False,"25-50-44-46-2D Smaller zones include the Garibaldi Lake volcanic field surrounding Garibaldi Lake and the Bridge River Cones on the northern flank of the upper Bridge River. The dacite volcanics composing Mount Fee contain brown volcanic glass as much as 70% and vesicular textures as much as 15%. The central portion contains at least five volcanoes situated at the Powder Mountain Icefield. However, its severe terrain makes it challenging to develop a proposed 100 megawatt power station in the area."
file,{L0I6-W9VP48GK-4058HTOD},03/31/2010 11:04:09,ACM2278,PC-8431,C:\526nhn8\VGU196NP.doc,File Open,False,False,"D0-CF-11-E0-A1-B1-1A-E1 Expecting them to say they were with the caravan, the Muslims were horrified to hear them say they were with the main Quraishi army. The death of the last of the Badr veterans occurred during the First Islamic civil war. Vesicular textures are up to 5%, suggesting that the lava erupted subaerially. As a result, volcano monitoring is less important than dealing with other natural processes, including tsunamis, earthquakes and landslides."
file,{D7W4-T8OQ03BR-7114NKSO},04/01/2010 17:00:43,ACM2278,PC-8431,C:\55X1537\NK1LT857.txt,File Open,False,False,"41-5A-58-31 Manning, feeling stifled in Portsmouth, had already made efforts to move to the capital, but her meeting with Miles made her more determined. In contrast, Manning was reticent and uncomfortable in social settings, and remained in the background. The couple's time in Bucharest coincided with the rise of fascist and totalitarian power within ostensibly neutral Romania, while war threatened from without, driving thousands of refugees within its borders. A portion of the southwestern flank of Mount Fee comprises no volcanic glass, but rather composed of an abnormal cryptocrystalline matrix. Microxenocrysts of orthoclase likely exist in andesite at Ring Mountain."
file,{E6B4-P4NE55KJ-0306AORN},04/07/2010 13:11:20,ACM2278,PC-8431,C:\526nhn8\VGU196NP.doc,File Open,False,False,"D0-CF-11-E0-A1-B1-1A-E1 Expecting them to say they were with the caravan, the Muslims were horrified to hear them say they were with the main Quraishi army. The death of the last of the Badr veterans occurred during the First Islamic civil war. Vesicular textures are up to 5%, suggesting that the lava erupted subaerially. As a result, volcano monitoring is less important than dealing with other natural processes, including tsunamis, earthquakes and landslides."
file,{W1B3-D8ZX35IJ-5101VKKY},04/07/2010 13:11:20,ACM2278,PC-8431,C:\ACM2278\BF2GU4CA.doc,File Open,False,False,"D0-CF-11-E0-A1-B1-1A-E1 Statistics showing the composition of juvenile inmates shortly before their liberation reveal the following major child/prisoner sub-groups: 5,809 foreign civilian labourers, 5,055 political prisoners, 3,654 Jews, and 330 Russian POWs. At the end of the war the list included 101 camps (including 49 major sub-camps) which covered most of modern Austria, from Mittersill south of Salzburg to Schwechat east of Vienna and from Passau on the pre-war Austro-German border to the Loibl Pass on the border with Yugoslavia. The payload integration program was responsible for determining how the various demands of these customers could be satisfied, and how mixed payloads could best be physically accommodated within the cargo bay of the shuttle. ""Maybe,"" said Lunney over thirty years later, ""we had gotten a little overconfident""."
file,{C9J0-S0HD38JC-8288UKMO},04/13/2010 07:24:49,ACM2278,PC-8431,C:\526nhn8\VGU196NP.doc,File Open,False,False,"D0-CF-11-E0-A1-B1-1A-E1 Expecting them to say they were with the caravan, the Muslims were horrified to hear them say they were with the main Quraishi army. The death of the last of the Badr veterans occurred during the First Islamic civil war. Vesicular textures are up to 5%, suggesting that the lava erupted subaerially. As a result, volcano monitoring is less important than dealing with other natural processes, including tsunamis, earthquakes and landslides."
file,{V8L9-C6KO70SL-4862GDLZ},04/20/2010 16:28:39,ACM2278,PC-8431,C:\526nhn8\88YW0ABY.doc,File Open,False,False,"D0-CF-11-E0-A1-B1-1A-E1 DC had trouble selling ad space in issues of Watchmen, which left an extra eight to nine pages per issue. Assembled under the supervision of Dave Gibbons, Absolute Watchmen included the Graphitti materials, as well as restored and recolored art by John Higgins. The presence of water in vinegar has such a profound effect on acetic acid's properties that for centuries chemists believed that glacial acetic acid and the acid found in vinegar were two different substances. Other substitution derivatives include acetic anhydride; this anhydride is produced by loss of water from two molecules of acetic acid."
file,{K1H1-N5NX78HI-4009VYUT},04/21/2010 14:52:44,ACM2278,PC-8431,C:\526nhn8\YSH5V6F3.doc,File Open,False,False,"D0-CF-11-E0-A1-B1-1A-E1 The aftermath of the fire, in which three astronauts were killed, left Lunney and his colleagues at NASA feeling that they had perhaps failed to recognize the risks they were running in their efforts to meet Kennedy's timetable of landing a man on the moon by the end of the decade. ""For me it was out of the clear blue sky"", said Lunney, who was told of the plans while at a conference in early October. Using a B-57 bomber, the team sent small rockets high into the atmosphere in order to measure their heating profile. His first assignment was with the Control Center Simulation Group, which planned the simulations used to train both flight controllers and astronauts for the as-yet unknown experience of manned spaceflight."
file,{P3B5-X2FD51ZE-8378FJDX},04/22/2010 16:22:32,ACM2278,PC-8431,C:\526nhn8\88YW0ABY.doc,File Open,False,False,"D0-CF-11-E0-A1-B1-1A-E1 DC had trouble selling ad space in issues of Watchmen, which left an extra eight to nine pages per issue. Assembled under the supervision of Dave Gibbons, Absolute Watchmen included the Graphitti materials, as well as restored and recolored art by John Higgins. The presence of water in vinegar has such a profound effect on acetic acid's properties that for centuries chemists believed that glacial acetic acid and the acid found in vinegar were two different substances. Other substitution derivatives include acetic anhydride; this anhydride is produced by loss of water from two molecules of acetic acid."
file,{N5A7-U3LF25IK-6513XUOJ},04/28/2010 16:26:34,ACM2278,PC-8431,C:\55X1537\NK1LT857.txt,File Open,False,False,"41-5A-58-31 Manning, feeling stifled in Portsmouth, had already made efforts to move to the capital, but her meeting with Miles made her more determined. In contrast, Manning was reticent and uncomfortable in social settings, and remained in the background. The couple's time in Bucharest coincided with the rise of fascist and totalitarian power within ostensibly neutral Romania, while war threatened from without, driving thousands of refugees within its borders. A portion of the southwestern flank of Mount Fee comprises no volcanic glass, but rather composed of an abnormal cryptocrystalline matrix. Microxenocrysts of orthoclase likely exist in andesite at Ring Mountain."
file,{E5C9-B1JM49UF-5032UTTS},05/07/2010 14:07:59,ACM2278,PC-8431,C:\526nhn8\YSH5V6F3.doc,File Open,False,False,"D0-CF-11-E0-A1-B1-1A-E1 The aftermath of the fire, in which three astronauts were killed, left Lunney and his colleagues at NASA feeling that they had perhaps failed to recognize the risks they were running in their efforts to meet Kennedy's timetable of landing a man on the moon by the end of the decade. ""For me it was out of the clear blue sky"", said Lunney, who was told of the plans while at a conference in early October. Using a B-57 bomber, the team sent small rockets high into the atmosphere in order to measure their heating profile. His first assignment was with the Control Center Simulation Group, which planned the simulations used to train both flight controllers and astronauts for the as-yet unknown experience of manned spaceflight."
file,{W9O8-S2AC60OE-2788SRLB},05/11/2010 09:52:24,ACM2278,PC-8431,C:\88dn4W2\ODQMA6D5.doc,File Open,False,False,"D0-CF-11-E0-A1-B1-1A-E1 Although not necessarily mapped as part of the Cayley field, this sequence of basaltic lava flows is geologically similar and comparable in age to volcanic features that are part of this volcanic field. In their language it means ""Landing Place of the Thunderbird"". The most recent, the 1700 Cascadia earthquake, was recorded in the oral traditions of the First Nations people on Vancouver Island. At least five hot springs exist in valleys near Mount Cayley, providing more evidence for magmatic activity. To the north, two volcanoes form a sparse area of volcanism."
file,{G5R9-X4EE28EQ-3005IEDC},05/12/2010 16:17:47,ACM2278,PC-8431,C:\ACM2278\BF2GU4CA.doc,File Open,False,False,"D0-CF-11-E0-A1-B1-1A-E1 Statistics showing the composition of juvenile inmates shortly before their liberation reveal the following major child/prisoner sub-groups: 5,809 foreign civilian labourers, 5,055 political prisoners, 3,654 Jews, and 330 Russian POWs. At the end of the war the list included 101 camps (including 49 major sub-camps) which covered most of modern Austria, from Mittersill south of Salzburg to Schwechat east of Vienna and from Passau on the pre-war Austro-German border to the Loibl Pass on the border with Yugoslavia. The payload integration program was responsible for determining how the various demands of these customers could be satisfied, and how mixed payloads could best be physically accommodated within the cargo bay of the shuttle. ""Maybe,"" said Lunney over thirty years later, ""we had gotten a little overconfident""."
file,{A9X3-B4NG19JA-6191TDTG},05/13/2010 17:23:51,ACM2278,PC-8431,C:\526nhn8\88YW0ABY.doc,File Open,False,False,"D0-CF-11-E0-A1-B1-1A-E1 DC had trouble selling ad space in issues of Watchmen, which left an extra eight to nine pages per issue. Assembled under the supervision of Dave Gibbons, Absolute Watchmen included the Graphitti materials, as well as restored and recolored art by John Higgins. The presence of water in vinegar has such a profound effect on acetic acid's properties that for centuries chemists believed that glacial acetic acid and the acid found in vinegar were two different substances. Other substitution derivatives include acetic anhydride; this anhydride is produced by loss of water from two molecules of acetic acid."
file,{Q7T2-J7MN01RX-1123WFNV},05/13/2010 17:30:43,ACM2278,PC-8431,C:\526nhn8\88YW0ABY.doc,File Open,False,False,"D0-CF-11-E0-A1-B1-1A-E1 DC had trouble selling ad space in issues of Watchmen, which left an extra eight to nine pages per issue. Assembled under the supervision of Dave Gibbons, Absolute Watchmen included the Graphitti materials, as well as restored and recolored art by John Higgins. The presence of water in vinegar has such a profound effect on acetic acid's properties that for centuries chemists believed that glacial acetic acid and the acid found in vinegar were two different substances. Other substitution derivatives include acetic anhydride; this anhydride is produced by loss of water from two molecules of acetic acid."
file,{V9W7-L4VG35TJ-3146RETM},05/14/2010 11:50:02,ACM2278,PC-8431,C:\55X1537\NK1LT857.txt,File Open,False,False,"41-5A-58-31 Manning, feeling stifled in Portsmouth, had already made efforts to move to the capital, but her meeting with Miles made her more determined. In contrast, Manning was reticent and uncomfortable in social settings, and remained in the background. The couple's time in Bucharest coincided with the rise of fascist and totalitarian power within ostensibly neutral Romania, while war threatened from without, driving thousands of refugees within its borders. A portion of the southwestern flank of Mount Fee comprises no volcanic glass, but rather composed of an abnormal cryptocrystalline matrix. Microxenocrysts of orthoclase likely exist in andesite at Ring Mountain."
file,{Y7Y4-H4QI73UD-4180BMRY},05/14/2010 16:09:00,ACM2278,PC-8431,C:\526nhn8\88YW0ABY.doc,File Open,False,False,"D0-CF-11-E0-A1-B1-1A-E1 DC had trouble selling ad space in issues of Watchmen, which left an extra eight to nine pages per issue. Assembled under the supervision of Dave Gibbons, Absolute Watchmen included the Graphitti materials, as well as restored and recolored art by John Higgins. The presence of water in vinegar has such a profound effect on acetic acid's properties that for centuries chemists believed that glacial acetic acid and the acid found in vinegar were two different substances. Other substitution derivatives include acetic anhydride; this anhydride is produced by loss of water from two molecules of acetic acid."
file,{B5H1-S1MJ42QY-8468HCIY},05/18/2010 16:43:01,ACM2278,PC-8431,C:\526nhn8\VGU196NP.doc,File Open,False,False,"D0-CF-11-E0-A1-B1-1A-E1 Expecting them to say they were with the caravan, the Muslims were horrified to hear them say they were with the main Quraishi army. The death of the last of the Badr veterans occurred during the First Islamic civil war. Vesicular textures are up to 5%, suggesting that the lava erupted subaerially. As a result, volcano monitoring is less important than dealing with other natural processes, including tsunamis, earthquakes and landslides."
file,{Z9O7-H0QN63AZ-7892UAEK},05/18/2010 16:43:01,ACM2278,PC-8431,C:\55X1537\RQYMRD38.pdf,File Open,False,False,"25-50-44-46-2D Smaller zones include the Garibaldi Lake volcanic field surrounding Garibaldi Lake and the Bridge River Cones on the northern flank of the upper Bridge River. The dacite volcanics composing Mount Fee contain brown volcanic glass as much as 70% and vesicular textures as much as 15%. The central portion contains at least five volcanoes situated at the Powder Mountain Icefield. However, its severe terrain makes it challenging to develop a proposed 100 megawatt power station in the area."
file,{G2C5-T4OE56TR-3831IXAB},05/19/2010 14:07:00,ACM2278,PC-8431,C:\55X1537\7S05TCTL.doc,File Open,False,False,"D0-CF-11-E0-A1-B1-1A-E1 As a result, when Muhammad marched into Mecca six years later, it was Abu Sufyan who helped negotiate its peaceful surrender. Muslim losses are commonly listed at fourteen killed, about 4% of their engaged forces."
file,{V1Z7-W5MH04HV-0272ULQC},05/21/2010 07:28:28,ACM2278,PC-8431,C:\ACM2278\BF2GU4CA.doc,File Open,False,False,"D0-CF-11-E0-A1-B1-1A-E1 Statistics showing the composition of juvenile inmates shortly before their liberation reveal the following major child/prisoner sub-groups: 5,809 foreign civilian labourers, 5,055 political prisoners, 3,654 Jews, and 330 Russian POWs. At the end of the war the list included 101 camps (including 49 major sub-camps) which covered most of modern Austria, from Mittersill south of Salzburg to Schwechat east of Vienna and from Passau on the pre-war Austro-German border to the Loibl Pass on the border with Yugoslavia. The payload integration program was responsible for determining how the various demands of these customers could be satisfied, and how mixed payloads could best be physically accommodated within the cargo bay of the shuttle. ""Maybe,"" said Lunney over thirty years later, ""we had gotten a little overconfident""."
file,{A4T7-I8PW57HP-9052BDXY},05/21/2010 17:05:16,ACM2278,PC-8431,C:\88dn4W2\HCSPWBEK.pdf,File Open,False,False,"25-50-44-46-2D After they descended from 'Aqanqal, the Meccans set up another camp inside the valley. At Badr, the Muslim forces had allegedly maintained firm discipline, whereas at Uhud they broke ranks to pursue the Meccans, allowing Meccan cavalry to flank and rout their army. At this stage in the war, the Germans were advancing apparently unstoppably across the desert towards Egypt, and Cairo was rife with rumours and alarms. Harriet Pringle, for example, moves through processes of self-discovery and empowerment as an individual rather than in feminist solidarity with her sex."
file,{Y8G9-I7AW95XJ-9473XKWR},05/24/2010 16:43:40,ACM2278,PC-8431,C:\55X1537\NK1LT857.txt,File Open,False,False,"41-5A-58-31 Manning, feeling stifled in Portsmouth, had already made efforts to move to the capital, but her meeting with Miles made her more determined. In contrast, Manning was reticent and uncomfortable in social settings, and remained in the background. The couple's time in Bucharest coincided with the rise of fascist and totalitarian power within ostensibly neutral Romania, while war threatened from without, driving thousands of refugees within its borders. A portion of the southwestern flank of Mount Fee comprises no volcanic glass, but rather composed of an abnormal cryptocrystalline matrix. Microxenocrysts of orthoclase likely exist in andesite at Ring Mountain."
file,{T4X6-Y5IM42RU-3510XJDX},05/26/2010 13:35:11,ACM2278,PC-8431,C:\526nhn8\88YW0ABY.doc,File Open,False,False,"D0-CF-11-E0-A1-B1-1A-E1 DC had trouble selling ad space in issues of Watchmen, which left an extra eight to nine pages per issue. Assembled under the supervision of Dave Gibbons, Absolute Watchmen included the Graphitti materials, as well as restored and recolored art by John Higgins. The presence of water in vinegar has such a profound effect on acetic acid's properties that for centuries chemists believed that glacial acetic acid and the acid found in vinegar were two different substances. Other substitution derivatives include acetic anhydride; this anhydride is produced by loss of water from two molecules of acetic acid."
file,{F9B5-Y0RX23OZ-6708OZAN},05/28/2010 16:57:03,ACM2278,PC-8431,C:\526nhn8\YSH5V6F3.doc,File Open,False,False,"D0-CF-11-E0-A1-B1-1A-E1 The aftermath of the fire, in which three astronauts were killed, left Lunney and his colleagues at NASA feeling that they had perhaps failed to recognize the risks they were running in their efforts to meet Kennedy's timetable of landing a man on the moon by the end of the decade. ""For me it was out of the clear blue sky"", said Lunney, who was told of the plans while at a conference in early October. Using a B-57 bomber, the team sent small rockets high into the atmosphere in order to measure their heating profile. His first assignment was with the Control Center Simulation Group, which planned the simulations used to train both flight controllers and astronauts for the as-yet unknown experience of manned spaceflight."
file,{P9A2-U0ML96SI-3370HCTG},06/10/2010 17:25:02,ACM2278,PC-8431,C:\88dn4W2\HCSPWBEK.pdf,File Open,False,False,"25-50-44-46-2D After they descended from 'Aqanqal, the Meccans set up another camp inside the valley. At Badr, the Muslim forces had allegedly maintained firm discipline, whereas at Uhud they broke ranks to pursue the Meccans, allowing Meccan cavalry to flank and rout their army. At this stage in the war, the Germans were advancing apparently unstoppably across the desert towards Egypt, and Cairo was rife with rumours and alarms. Harriet Pringle, for example, moves through processes of self-discovery and empowerment as an individual rather than in feminist solidarity with her sex."
file,{W5C7-E3SK22GM-3675OVXE},06/15/2010 13:24:57,ACM2278,PC-8431,C:\88dn4W2\HCSPWBEK.pdf,File Open,False,False,"25-50-44-46-2D After they descended from 'Aqanqal, the Meccans set up another camp inside the valley. At Badr, the Muslim forces had allegedly maintained firm discipline, whereas at Uhud they broke ranks to pursue the Meccans, allowing Meccan cavalry to flank and rout their army. At this stage in the war, the Germans were advancing apparently unstoppably across the desert towards Egypt, and Cairo was rife with rumours and alarms. Harriet Pringle, for example, moves through processes of self-discovery and empowerment as an individual rather than in feminist solidarity with her sex."
file,{X7D8-M4NJ47SQ-4246BMGK},06/18/2010 10:30:29,ACM2278,PC-8431,C:\88dn4W2\HCSPWBEK.pdf,File Open,False,False,"25-50-44-46-2D After they descended from 'Aqanqal, the Meccans set up another camp inside the valley. At Badr, the Muslim forces had allegedly maintained firm discipline, whereas at Uhud they broke ranks to pursue the Meccans, allowing Meccan cavalry to flank and rout their army. At this stage in the war, the Germans were advancing apparently unstoppably across the desert towards Egypt, and Cairo was rife with rumours and alarms. Harriet Pringle, for example, moves through processes of self-discovery and empowerment as an individual rather than in feminist solidarity with her sex."
file,{Q1Z8-N9TM88OX-5663XLOA},06/18/2010 10:36:27,ACM2278,PC-8431,C:\88dn4W2\ODQMA6D5.doc,File Open,False,False,"D0-CF-11-E0-A1-B1-1A-E1 Although not necessarily mapped as part of the Cayley field, this sequence of basaltic lava flows is geologically similar and comparable in age to volcanic features that are part of this volcanic field. In their language it means ""Landing Place of the Thunderbird"". The most recent, the 1700 Cascadia earthquake, was recorded in the oral traditions of the First Nations people on Vancouver Island. At least five hot springs exist in valleys near Mount Cayley, providing more evidence for magmatic activity. To the north, two volcanoes form a sparse area of volcanism."
file,{U6W7-M7QV99KW-8713PITU},06/18/2010 10:36:27,ACM2278,PC-8431,C:\55X1537\RQYMRD38.pdf,File Open,False,False,"25-50-44-46-2D Smaller zones include the Garibaldi Lake volcanic field surrounding Garibaldi Lake and the Bridge River Cones on the northern flank of the upper Bridge River. The dacite volcanics composing Mount Fee contain brown volcanic glass as much as 70% and vesicular textures as much as 15%. The central portion contains at least five volcanoes situated at the Powder Mountain Icefield. However, its severe terrain makes it challenging to develop a proposed 100 megawatt power station in the area."
file,{E4S4-P1JC60IZ-7802MIMO},06/28/2010 16:23:33,ACM2278,PC-8431,C:\55X1537\NK1LT857.txt,File Open,False,False,"41-5A-58-31 Manning, feeling stifled in Portsmouth, had already made efforts to move to the capital, but her meeting with Miles made her more determined. In contrast, Manning was reticent and uncomfortable in social settings, and remained in the background. The couple's time in Bucharest coincided with the rise of fascist and totalitarian power within ostensibly neutral Romania, while war threatened from without, driving thousands of refugees within its borders. A portion of the southwestern flank of Mount Fee comprises no volcanic glass, but rather composed of an abnormal cryptocrystalline matrix. Microxenocrysts of orthoclase likely exist in andesite at Ring Mountain."
file,{Z3T5-D8XG12TT-4758IPFD},07/08/2010 07:49:01,ACM2278,PC-8431,C:\55X1537\7S05TCTL.doc,File Open,False,False,"D0-CF-11-E0-A1-B1-1A-E1 As a result, when Muhammad marched into Mecca six years later, it was Abu Sufyan who helped negotiate its peaceful surrender. Muslim losses are commonly listed at fourteen killed, about 4% of their engaged forces."
file,{X2S6-X7WB56XU-1516OKMG},07/09/2010 16:22:50,ACM2278,PC-8431,C:\88dn4W2\HCSPWBEK.pdf,File Open,False,False,"25-50-44-46-2D After they descended from 'Aqanqal, the Meccans set up another camp inside the valley. At Badr, the Muslim forces had allegedly maintained firm discipline, whereas at Uhud they broke ranks to pursue the Meccans, allowing Meccan cavalry to flank and rout their army. At this stage in the war, the Germans were advancing apparently unstoppably across the desert towards Egypt, and Cairo was rife with rumours and alarms. Harriet Pringle, for example, moves through processes of self-discovery and empowerment as an individual rather than in feminist solidarity with her sex."
file,{W4L7-Q5HH55MD-1606BBKY},07/14/2010 08:21:38,ACM2278,PC-8431,C:\526nhn8\88YW0ABY.doc,File Open,False,False,"D0-CF-11-E0-A1-B1-1A-E1 DC had trouble selling ad space in issues of Watchmen, which left an extra eight to nine pages per issue. Assembled under the supervision of Dave Gibbons, Absolute Watchmen included the Graphitti materials, as well as restored and recolored art by John Higgins. The presence of water in vinegar has such a profound effect on acetic acid's properties that for centuries chemists believed that glacial acetic acid and the acid found in vinegar were two different substances. Other substitution derivatives include acetic anhydride; this anhydride is produced by loss of water from two molecules of acetic acid."
file,{N4D3-A7PK40EC-3515SOMI},07/26/2010 14:23:15,ACM2278,PC-8431,C:\526nhn8\VGU196NP.doc,File Open,False,False,"D0-CF-11-E0-A1-B1-1A-E1 Expecting them to say they were with the caravan, the Muslims were horrified to hear them say they were with the main Quraishi army. The death of the last of the Badr veterans occurred during the First Islamic civil war. Vesicular textures are up to 5%, suggesting that the lava erupted subaerially. As a result, volcano monitoring is less important than dealing with other natural processes, including tsunamis, earthquakes and landslides."
file,{O2J9-X4LF19DR-2582UGWI},07/26/2010 14:23:15,ACM2278,PC-8431,C:\ACM2278\5Y621TSI.doc,File Open,False,False,"D0-CF-11-E0-A1-B1-1A-E1 In absence of Klein, David Kahne became the interim head of Reprise. During the two hundred-date tour supporting A.M., Tweedy began to write songs for a second album."
file,{Q7E4-O6SZ32VZ-9608KXIW},07/26/2010 14:23:15,ACM2278,PC-8431,C:\526nhn8\88YW0ABY.doc,File Open,False,False,"D0-CF-11-E0-A1-B1-1A-E1 DC had trouble selling ad space in issues of Watchmen, which left an extra eight to nine pages per issue. Assembled under the supervision of Dave Gibbons, Absolute Watchmen included the Graphitti materials, as well as restored and recolored art by John Higgins. The presence of water in vinegar has such a profound effect on acetic acid's properties that for centuries chemists believed that glacial acetic acid and the acid found in vinegar were two different substances. Other substitution derivatives include acetic anhydride; this anhydride is produced by loss of water from two molecules of acetic acid."
file,{A4R5-E0CX09PC-2098ESJQ},07/26/2010 14:27:42,ACM2278,PC-8431,C:\88dn4W2\VERSPUY6.doc,File Open,False,False,"D0-CF-11-E0-A1-B1-1A-E1 However, ingestion of stronger solutions is dangerous to human and animal life. The 16th-century German alchemist Andreas Libavius described such a procedure, and he compared the glacial acetic acid produced by this means to vinegar. Its solvent properties are mainly of value in the production of dimethyl terephthalate. At that time, Germany was producing 10,000 tons of glacial acetic acid, around 30% of which was used for the manufacture of indigo dye."
file,{J2S3-Y6AA51JM-5504IAXH},07/27/2010 08:16:29,ACM2278,PC-8431,C:\526nhn8\VGU196NP.doc,File Open,False,False,"D0-CF-11-E0-A1-B1-1A-E1 Expecting them to say they were with the caravan, the Muslims were horrified to hear them say they were with the main Quraishi army. The death of the last of the Badr veterans occurred during the First Islamic civil war. Vesicular textures are up to 5%, suggesting that the lava erupted subaerially. As a result, volcano monitoring is less important than dealing with other natural processes, including tsunamis, earthquakes and landslides."
file,{T8T7-Y2SZ38BR-3016EDSD},07/27/2010 08:16:29,ACM2278,PC-8431,C:\55X1537\NK1LT857.txt,File Open,False,False,"41-5A-58-31 Manning, feeling stifled in Portsmouth, had already made efforts to move to the capital, but her meeting with Miles made her more determined. In contrast, Manning was reticent and uncomfortable in social settings, and remained in the background. The couple's time in Bucharest coincided with the rise of fascist and totalitarian power within ostensibly neutral Romania, while war threatened from without, driving thousands of refugees within its borders. A portion of the southwestern flank of Mount Fee comprises no volcanic glass, but rather composed of an abnormal cryptocrystalline matrix. Microxenocrysts of orthoclase likely exist in andesite at Ring Mountain."
file,{Z5H8-K5LY79WQ-3288JIGL},07/27/2010 08:16:29,ACM2278,PC-8431,C:\55X1537\RQYMRD38.pdf,File Open,False,False,"25-50-44-46-2D Smaller zones include the Garibaldi Lake volcanic field surrounding Garibaldi Lake and the Bridge River Cones on the northern flank of the upper Bridge River. The dacite volcanics composing Mount Fee contain brown volcanic glass as much as 70% and vesicular textures as much as 15%. The central portion contains at least five volcanoes situated at the Powder Mountain Icefield. However, its severe terrain makes it challenging to develop a proposed 100 megawatt power station in the area."
file,{R6L6-B9BY53XN-9695BFXZ},07/27/2010 12:36:57,ACM2278,PC-8431,C:\88dn4W2\ODQMA6D5.doc,File Open,False,False,"D0-CF-11-E0-A1-B1-1A-E1 Although not necessarily mapped as part of the Cayley field, this sequence of basaltic lava flows is geologically similar and comparable in age to volcanic features that are part of this volcanic field. In their language it means ""Landing Place of the Thunderbird"". The most recent, the 1700 Cascadia earthquake, was recorded in the oral traditions of the First Nations people on Vancouver Island. At least five hot springs exist in valleys near Mount Cayley, providing more evidence for magmatic activity. To the north, two volcanoes form a sparse area of volcanism."
file,{Z0L7-P0LI50HZ-1908OGSA},07/30/2010 14:31:18,ACM2278,PC-8431,C:\526nhn8\VGU196NP.doc,File Open,False,False,"D0-CF-11-E0-A1-B1-1A-E1 Expecting them to say they were with the caravan, the Muslims were horrified to hear them say they were with the main Quraishi army. The death of the last of the Badr veterans occurred during the First Islamic civil war. Vesicular textures are up to 5%, suggesting that the lava erupted subaerially. As a result, volcano monitoring is less important than dealing with other natural processes, including tsunamis, earthquakes and landslides."
file,{T1A1-V4HZ57AM-5008KCXI},08/04/2010 08:25:58,ACM2278,PC-8431,C:\526nhn8\88YW0ABY.doc,File Open,False,False,"D0-CF-11-E0-A1-B1-1A-E1 DC had trouble selling ad space in issues of Watchmen, which left an extra eight to nine pages per issue. Assembled under the supervision of Dave Gibbons, Absolute Watchmen included the Graphitti materials, as well as restored and recolored art by John Higgins. The presence of water in vinegar has such a profound effect on acetic acid's properties that for centuries chemists believed that glacial acetic acid and the acid found in vinegar were two different substances. Other substitution derivatives include acetic anhydride; this anhydride is produced by loss of water from two molecules of acetic acid."
file,{I0C6-G5JP74LU-0749LPXJ},08/12/2010 09:50:47,ACM2278,PC-8431,C:\526nhn8\88YW0ABY.doc,File Open,False,False,"D0-CF-11-E0-A1-B1-1A-E1 DC had trouble selling ad space in issues of Watchmen, which left an extra eight to nine pages per issue. Assembled under the supervision of Dave Gibbons, Absolute Watchmen included the Graphitti materials, as well as restored and recolored art by John Higgins. The presence of water in vinegar has such a profound effect on acetic acid's properties that for centuries chemists believed that glacial acetic acid and the acid found in vinegar were two different substances. Other substitution derivatives include acetic anhydride; this anhydride is produced by loss of water from two molecules of acetic acid."
file,{P1K3-L4KN38CG-1976AOFN},08/13/2010 01:16:10,ACM2278,PC-8431,R:\52G6677\JP9JXI3L.doc,File Delete,False,True,"D0-CF-11-E0-A1-B1-1A-E1 Gibbons said the team's pace slowed around the fourth issue; from that point onwards the two undertook their work ""just several pages at a time. In The System of Comics, Thierry Groensteen described the symbol as a recurring motif that produces ""rhyme and remarkable configurations"" by appearing in key segments of Watchmen, notably the first and last pages of the series. Attempting to stay in the series, Australia dramatically revamped their team for the next Test at Adelaide. George Henry Stevens ""Harry"" Trott (5 August 1866 - 10 November 1917) was an Australian Test cricketer who played 24 Test matches as an all-rounder between 1888 and 1898."
file,{Q8D7-T3DH50ZB-9454YAPT},08/13/2010 01:24:49,ACM2278,PC-8431,R:\782bxm8\NS9ZZZE0.pdf,File Copy,False,True,"25-50-44-46-2D Assembled under the supervision of Dave Gibbons, Absolute Watchmen included the Graphitti materials, as well as restored and recolored art by John Higgins. Speaking at the 1985 San Diego Comic-Con, Moore said ""The way it works, if I understand it, is that DC owns it for the time they're publishing it, and then it reverts to Dave and me, so we can make all the money from the Slurpee cups."" Richard Reynolds described The Comedian as ""ruthless, cynical, and nihilistic, and yet capable of deeper insights than the others into the role of the costumed hero."" In a 1986 interview, Moore said, ""What I'd like to explore is the areas that comics succeed in where no other media is capable of operating"", and emphasized this by stressing the differences between comics and film."
file,{X1B1-Q8MI42GJ-3304JJJU},08/13/2010 01:30:16,ACM2278,PC-8431,R:\H5ZA79K7.doc,File Copy,True,False,"D0-CF-11-E0-A1-B1-1A-E1 Two books set in Jerusalem, The Artist Among the Missing (1949) and School for Love (1951), her first commercial and critical success, are also first steps in exploring themes such war, colonialism and British imperialism. If we return home, we both go. As the creators began to hit deadlines, Moore would hire a taxi driver to drive 50 miles and deliver scripts to Gibbons. DC offered Moore and Gibbons chances to publish prequels to the series, such as Rorschach's Journal or The Comedian's Vietnam War Diary, as well as hinting at the possibility of other authors using the same universe."
file,{J6F6-G5SG93FZ-8038AIMU},08/13/2010 01:35:35,ACM2278,PC-8431,R:\782bxm8\NS9ZZZE0.pdf,File Delete,False,True,"25-50-44-46-2D Assembled under the supervision of Dave Gibbons, Absolute Watchmen included the Graphitti materials, as well as restored and recolored art by John Higgins. Speaking at the 1985 San Diego Comic-Con, Moore said ""The way it works, if I understand it, is that DC owns it for the time they're publishing it, and then it reverts to Dave and me, so we can make all the money from the Slurpee cups."" Richard Reynolds described The Comedian as ""ruthless, cynical, and nihilistic, and yet capable of deeper insights than the others into the role of the costumed hero."" In a 1986 interview, Moore said, ""What I'd like to explore is the areas that comics succeed in where no other media is capable of operating"", and emphasized this by stressing the differences between comics and film."
file,{X2C0-T6KU51ZL-3334VFZZ},08/13/2010 01:43:06,ACM2278,PC-8431,R:\H5ZA79K7.doc,File Open,False,True,"D0-CF-11-E0-A1-B1-1A-E1 Two books set in Jerusalem, The Artist Among the Missing (1949) and School for Love (1951), her first commercial and critical success, are also first steps in exploring themes such war, colonialism and British imperialism. If we return home, we both go. As the creators began to hit deadlines, Moore would hire a taxi driver to drive 50 miles and deliver scripts to Gibbons. DC offered Moore and Gibbons chances to publish prequels to the series, such as Rorschach's Journal or The Comedian's Vietnam War Diary, as well as hinting at the possibility of other authors using the same universe."
file,{Q8L3-Y7FE56NI-6384XORU},08/13/2010 02:03:28,ACM2278,PC-8431,R:\H5ZA79K7.doc,File Delete,False,True,"D0-CF-11-E0-A1-B1-1A-E1 Two books set in Jerusalem, The Artist Among the Missing (1949) and School for Love (1951), her first commercial and critical success, are also first steps in exploring themes such war, colonialism and British imperialism. If we return home, we both go. As the creators began to hit deadlines, Moore would hire a taxi driver to drive 50 miles and deliver scripts to Gibbons. DC offered Moore and Gibbons chances to publish prequels to the series, such as Rorschach's Journal or The Comedian's Vietnam War Diary, as well as hinting at the possibility of other authors using the same universe."
file,{V2F5-Y1MF21OF-3778LPUA},08/13/2010 02:04:00,ACM2278,PC-8431,R:\290UNMIV.pdf,File Copy,True,False,"25-50-44-46-2D Just like Adrian Veidt, he ""hopes to stave off disaster by using the dead bodies of his former comrades as a means of reaching his goal"". Time critic Lev Grossman described the story as ""a heart-pounding, heartbreaking read and a watershed in the evolution of a young medium."" Moore and Gibbons saw The Comedian as ""a kind of Gordon Liddy character, only a much bigger, tougher guy"". The original play was inspired by a trip to Europe made by Murray Burnett in 1938, during which he visited Vienna shortly after the Anschluss, where he saw discrimination by Nazis first-hand. When Rick storms over, furious that Sam has disobeyed his order never to perform that song, he is shocked to see Ilsa."
file,{V6A8-T1CT00VH-2019WLAB},08/13/2010 02:07:32,ACM2278,PC-8431,R:\290UNMIV.pdf,File Write,True,False,"25-50-44-46-2D We were contracted for 12!"" Hamm took the liberty of re-writing Watchmen's complicated ending into a ""more manageable"" conclusion involving an assassination and a time paradox. Although he intended to stay faithful to the look of the characters in the comic, Snyder intended Nite Owl to look scarier, and made Ozymandias' armor into a parody of the rubber muscle suits from the 1997 superhero film Batman & Robin. Some of the exiled actors were: Other critics give more credit to Curtiz; Sidney Rosenzweig, in his study of the director's work, sees the film as a typical example of Curtiz's highlighting of moral dilemmas."
file,{Z7J0-D2PU73IQ-4644VCKM},08/13/2010 02:10:41,ACM2278,PC-8431,R:\290UNMIV.pdf,File Copy,False,True,"25-50-44-46-2D We were contracted for 12!"" Hamm took the liberty of re-writing Watchmen's complicated ending into a ""more manageable"" conclusion involving an assassination and a time paradox. Although he intended to stay faithful to the look of the characters in the comic, Snyder intended Nite Owl to look scarier, and made Ozymandias' armor into a parody of the rubber muscle suits from the 1997 superhero film Batman & Robin. Some of the exiled actors were: Other critics give more credit to Curtiz; Sidney Rosenzweig, in his study of the director's work, sees the film as a typical example of Curtiz's highlighting of moral dilemmas."
file,{J5I0-W1HG07ZI-2169VIYY},08/13/2010 02:11:46,ACM2278,PC-8431,R:\290UNMIV.pdf,File Copy,True,False,"25-50-44-46-2D We were contracted for 12!"" Hamm took the liberty of re-writing Watchmen's complicated ending into a ""more manageable"" conclusion involving an assassination and a time paradox. Although he intended to stay faithful to the look of the characters in the comic, Snyder intended Nite Owl to look scarier, and made Ozymandias' armor into a parody of the rubber muscle suits from the 1997 superhero film Batman & Robin. Some of the exiled actors were: Other critics give more credit to Curtiz; Sidney Rosenzweig, in his study of the director's work, sees the film as a typical example of Curtiz's highlighting of moral dilemmas."
file,{K2K6-V2NN09PS-1085PZKT},08/18/2010 13:23:37,ACM2278,PC-8431,C:\526nhn8\88YW0ABY.doc,File Open,False,False,"D0-CF-11-E0-A1-B1-1A-E1 DC had trouble selling ad space in issues of Watchmen, which left an extra eight to nine pages per issue. Assembled under the supervision of Dave Gibbons, Absolute Watchmen included the Graphitti materials, as well as restored and recolored art by John Higgins. The presence of water in vinegar has such a profound effect on acetic acid's properties that for centuries chemists believed that glacial acetic acid and the acid found in vinegar were two different substances. Other substitution derivatives include acetic anhydride; this anhydride is produced by loss of water from two molecules of acetic acid."
file,{L8U4-E1KC17HI-2295QTAV},08/19/2010 01:34:19,ACM2278,PC-8431,R:\52G6677\B7RGYJZC.jpg,File Open,False,True,FF-D8 
file,{Z8S0-I9WK82HT-2702OXHW},08/19/2010 01:37:20,ACM2278,PC-8431,R:\52G6677\B7RGYJZC.jpg,File Open,False,True,FF-D8 
file,{M3U7-F9ZW51CX-5408MNTW},08/19/2010 01:38:10,ACM2278,PC-8431,R:\52G6677\7QO6RIRR.txt,File Open,False,True,"33-4E-42-56 Samantabhadra (2nd century CE) and Siddhasena Divakara (3rd century CE) further fine-tuned Jain epistemology and logic by expounding on the concepts of anekantavada in proper form and structure. The importance and antiquity of anekantavada are also demonstrated by the fact that it formed the subject matter of Astinasti Pravada, the fourth part of the lost Purva that contained teachings of the {IAST|Tirtha?karas} prior to Mahavira. This ecumenical and irenical attitude, engendered by anekantavada, allowed modern Jain monks such as Vijayadharmasuri to declare: ""I am neither a Jain nor a Buddhist, a Vaisnava nor a Saivite, a Hindu nor a Muslim, but a traveler on the path of peace shown by the supreme soul, the God who is free from passion."" In recent times, Jainism influenced Gandhi, who advocated {IAST|ahi?sa} and satyagraha."
file,{I1R8-Z2OT23MQ-3906SEYL},08/19/2010 01:46:04,ACM2278,PC-8431,R:\ACM2278\QP8YHH52.zip,File Open,False,True,"50-4B-03-04-14 This does not deny the other attributes, qualities, modes and other aspects; they are just irrelevant from a particular perspective. He proclaimed that the duty of every individual is to determine what is personally true and act on that relative perception of truth."
file,{F0Z6-R5CI69ZH-8882QAUO},08/21/2010 03:45:52,ACM2278,PC-8431,R:\290UNMIV.pdf,File Delete,False,True,"25-50-44-46-2D We were contracted for 12!"" Hamm took the liberty of re-writing Watchmen's complicated ending into a ""more manageable"" conclusion involving an assassination and a time paradox. Although he intended to stay faithful to the look of the characters in the comic, Snyder intended Nite Owl to look scarier, and made Ozymandias' armor into a parody of the rubber muscle suits from the 1997 superhero film Batman & Robin. Some of the exiled actors were: Other critics give more credit to Curtiz; Sidney Rosenzweig, in his study of the director's work, sees the film as a typical example of Curtiz's highlighting of moral dilemmas."
file,{D4I2-U1NG64FK-0223TRAG},08/21/2010 03:52:39,ACM2278,PC-8431,R:\ACM2278\VSIT1SIF.doc,File Delete,False,True,"D0-CF-11-E0-A1-B1-1A-E1 Moore felt the reversion clauses were ultimately meaningless, because DC did not intend to let the publications go out of print. In October 2005, Gordon and Levin met with Warner Bros. to develop the film there again. For Watchmen, Alan Moore and Dave Gibbons received eight percent of the series' earnings. Moore stated in 1985 that if the limited series was well-received, he and Gibbons would possibly create a 12-issue prequel series called Minutemen featuring the 1940s superhero group from the story. Moore added, ""As far as I'm concerned, the 15th anniversary of Watchmen is purely a 15th Anniversary of when DC managed to take the Watchmen property from me and Dave [Gibbons]."""
file,{M0P8-C2ZR50QY-8753BAZR},08/21/2010 03:53:24,ACM2278,PC-8431,R:\ACM2278\DZAYUW03.doc,File Copy,False,True,"D0-CF-11-E0-A1-B1-1A-E1 Gibbons agreed that the echoing of the EC-style layouts ""was a very deliberate thing"", although his inspiration was rather Harvey Kurtzman, but it was altered enough to give the series a unique look. Since its release, Watchmen has garnered acclaim as a seminal work of the comic book medium. The story focuses on the personal development and struggles of the protagonists as an investigation into the murder of a government sponsored superhero pulls them out of retirement, and eventually leads them to confront a plot that would stave off nuclear war by killing millions of people."
file,{D1E1-Y6UQ50QM-0101YHTZ},08/21/2010 03:56:27,ACM2278,PC-8431,R:\ACM2278\DZAYUW03.doc,File Open,False,True,"D0-CF-11-E0-A1-B1-1A-E1 Gibbons agreed that the echoing of the EC-style layouts ""was a very deliberate thing"", although his inspiration was rather Harvey Kurtzman, but it was altered enough to give the series a unique look. Since its release, Watchmen has garnered acclaim as a seminal work of the comic book medium. The story focuses on the personal development and struggles of the protagonists as an investigation into the murder of a government sponsored superhero pulls them out of retirement, and eventually leads them to confront a plot that would stave off nuclear war by killing millions of people."
file,{W1T0-B4HD18FD-3028MFLY},08/21/2010 04:13:03,ACM2278,PC-8431,C:\55X1537\NK1LT857.txt,File Open,False,False,"41-5A-58-31 Manning, feeling stifled in Portsmouth, had already made efforts to move to the capital, but her meeting with Miles made her more determined. In contrast, Manning was reticent and uncomfortable in social settings, and remained in the background. The couple's time in Bucharest coincided with the rise of fascist and totalitarian power within ostensibly neutral Romania, while war threatened from without, driving thousands of refugees within its borders. A portion of the southwestern flank of Mount Fee comprises no volcanic glass, but rather composed of an abnormal cryptocrystalline matrix. Microxenocrysts of orthoclase likely exist in andesite at Ring Mountain."
file,{J2W1-G3RE54QL-3848MJIB},08/21/2010 04:27:53,ACM2278,PC-8431,R:\ACM2278\DZAYUW03.doc,File Open,False,True,"D0-CF-11-E0-A1-B1-1A-E1 Gibbons agreed that the echoing of the EC-style layouts ""was a very deliberate thing"", although his inspiration was rather Harvey Kurtzman, but it was altered enough to give the series a unique look. Since its release, Watchmen has garnered acclaim as a seminal work of the comic book medium. The story focuses on the personal development and struggles of the protagonists as an investigation into the murder of a government sponsored superhero pulls them out of retirement, and eventually leads them to confront a plot that would stave off nuclear war by killing millions of people."
file,{X1K1-O1KU76FK-5813XUGF},08/21/2010 04:40:08,ACM2278,PC-8431,R:\ACM2278\DZAYUW03.doc,File Delete,False,True,"D0-CF-11-E0-A1-B1-1A-E1 Gibbons agreed that the echoing of the EC-style layouts ""was a very deliberate thing"", although his inspiration was rather Harvey Kurtzman, but it was altered enough to give the series a unique look. Since its release, Watchmen has garnered acclaim as a seminal work of the comic book medium. The story focuses on the personal development and struggles of the protagonists as an investigation into the murder of a government sponsored superhero pulls them out of retirement, and eventually leads them to confront a plot that would stave off nuclear war by killing millions of people."
file,{D2X2-X4AE75SO-9681RGTG},08/24/2010 03:34:21,ACM2278,PC-8431,R:\52G6677\JMR2V1HC.txt,File Open,False,True,"30-51-46-4A In response to a friend's query on religious tolerance, he responded in the journal ""Young India - 21 Jan 1926"": The principle of anekantavada is the foundation of many Jain philosophical concepts. All the men claimed to understand and explain the true appearance of the elephant, but could only partly succeed, due to their limited perspectives. Just as a right-acting person respects the life of all beings, so a right-thinking person acknowledges the validity of all judgments."
file,{S3M9-M7FP50TI-7818PRJO},08/24/2010 03:43:48,ACM2278,PC-8431,R:\ACM2278\JGLCVL46.doc,File Open,False,True,"D0-CF-11-E0-A1-B1-1A-E1 The epistemology of anekantavada and syadvada also had a profound impact on the development of ancient Indian logic and philosophy. The origins of anekantavada can be traced back to the teachings of Mahavira (599-527 BCE), the 24th Jain {IAST|Tirthankara}. Mallisena uses the parable to argue that immature people deny various aspects of truth; deluded by the aspects they do understand, they deny the aspects they don't understand. Nayavada is a compound of two Sanskrit words-naya (""partial viewpoint"") and vada (""school of thought or debate""). This means recognizing all aspects of reality, not merely one or some aspects, as is done in non-Jain philosophies."""
file,{F9N3-T3ZH14TZ-0696YIFM},08/24/2010 03:48:51,ACM2278,PC-8431,R:\ACM2278\PXZQFYVF.jpg,File Open,False,True,FF-D8 
file,{K5O6-Q3WR72WQ-4957NUGC},08/25/2010 01:39:18,ACM2278,PC-8431,R:\52G6677\VTW87J2O.jpg,File Open,False,True,FF-D8 
file,{W6X9-M4FE90LG-9000ONVN},08/25/2010 01:45:51,ACM2278,PC-8431,R:\782bxm8\290UNMIV.pdf,File Copy,True,False,"25-50-44-46-2D Just like Adrian Veidt, he ""hopes to stave off disaster by using the dead bodies of his former comrades as a means of reaching his goal"". Time critic Lev Grossman described the story as ""a heart-pounding, heartbreaking read and a watershed in the evolution of a young medium."" Moore and Gibbons saw The Comedian as ""a kind of Gordon Liddy character, only a much bigger, tougher guy"". The original play was inspired by a trip to Europe made by Murray Burnett in 1938, during which he visited Vienna shortly after the Anschluss, where he saw discrimination by Nazis first-hand. When Rick storms over, furious that Sam has disobeyed his order never to perform that song, he is shocked to see Ilsa."
file,{D1N1-L8IZ51SU-4737OGJZ},08/25/2010 01:59:44,ACM2278,PC-8431,R:\ACM2278\290UNMIV.pdf,File Copy,True,False,"25-50-44-46-2D Just like Adrian Veidt, he ""hopes to stave off disaster by using the dead bodies of his former comrades as a means of reaching his goal"". Time critic Lev Grossman described the story as ""a heart-pounding, heartbreaking read and a watershed in the evolution of a young medium."" Moore and Gibbons saw The Comedian as ""a kind of Gordon Liddy character, only a much bigger, tougher guy"". The original play was inspired by a trip to Europe made by Murray Burnett in 1938, during which he visited Vienna shortly after the Anschluss, where he saw discrimination by Nazis first-hand. When Rick storms over, furious that Sam has disobeyed his order never to perform that song, he is shocked to see Ilsa."
file,{Z3T4-O9MC20VZ-2663MQFV},08/25/2010 02:21:48,ACM2278,PC-8431,R:\52G6677\290UNMIV.pdf,File Copy,True,False,"25-50-44-46-2D Just like Adrian Veidt, he ""hopes to stave off disaster by using the dead bodies of his former comrades as a means of reaching his goal"". Time critic Lev Grossman described the story as ""a heart-pounding, heartbreaking read and a watershed in the evolution of a young medium."" Moore and Gibbons saw The Comedian as ""a kind of Gordon Liddy character, only a much bigger, tougher guy"". The original play was inspired by a trip to Europe made by Murray Burnett in 1938, during which he visited Vienna shortly after the Anschluss, where he saw discrimination by Nazis first-hand. When Rick storms over, furious that Sam has disobeyed his order never to perform that song, he is shocked to see Ilsa."
file,{L5B2-W2EY49WT-4554GKJJ},08/25/2010 02:38:17,ACM2278,PC-8431,R:\52G6677\VTW87J2O.jpg,File Copy,False,True,FF-D8 
file,{N8K6-N6IB89MO-3182PXTX},08/25/2010 02:55:49,ACM2278,PC-8431,R:\782bxm8\290UNMIV.pdf,File Copy,False,True,"25-50-44-46-2D Just like Adrian Veidt, he ""hopes to stave off disaster by using the dead bodies of his former comrades as a means of reaching his goal"". Time critic Lev Grossman described the story as ""a heart-pounding, heartbreaking read and a watershed in the evolution of a young medium."" Moore and Gibbons saw The Comedian as ""a kind of Gordon Liddy character, only a much bigger, tougher guy"". The original play was inspired by a trip to Europe made by Murray Burnett in 1938, during which he visited Vienna shortly after the Anschluss, where he saw discrimination by Nazis first-hand. When Rick storms over, furious that Sam has disobeyed his order never to perform that song, he is shocked to see Ilsa."
file,{E4Q2-J1BE67WA-4818ZVGG},08/27/2010 11:29:22,ACM2278,PC-8431,C:\526nhn8\88YW0ABY.doc,File Open,False,False,"D0-CF-11-E0-A1-B1-1A-E1 DC had trouble selling ad space in issues of Watchmen, which left an extra eight to nine pages per issue. Assembled under the supervision of Dave Gibbons, Absolute Watchmen included the Graphitti materials, as well as restored and recolored art by John Higgins. The presence of water in vinegar has such a profound effect on acetic acid's properties that for centuries chemists believed that glacial acetic acid and the acid found in vinegar were two different substances. Other substitution derivatives include acetic anhydride; this anhydride is produced by loss of water from two molecules of acetic acid."
file,{Y3O7-E6IO73HT-6346TLRM},09/09/2010 12:06:50,ACM2278,PC-8431,C:\88dn4W2\ODQMA6D5.doc,File Open,False,False,"D0-CF-11-E0-A1-B1-1A-E1 Although not necessarily mapped as part of the Cayley field, this sequence of basaltic lava flows is geologically similar and comparable in age to volcanic features that are part of this volcanic field. In their language it means ""Landing Place of the Thunderbird"". The most recent, the 1700 Cascadia earthquake, was recorded in the oral traditions of the First Nations people on Vancouver Island. At least five hot springs exist in valleys near Mount Cayley, providing more evidence for magmatic activity. To the north, two volcanoes form a sparse area of volcanism."
